{
    "fxbjt": true,
    "uhtav": -36,
    "baeyv": 0.712386625597308,
    "lbxfu": 0.2203013128645558,
    "gekoy": 0.11563752865325128,
    "sclth": true,
    "bcvfb": 0.04057496182535314,
    "lrfck": false
}